project,IFA,Recall@20%LOC,Effort@20%Recall
activemq,62.38251366,0.365796851,0.227717064
camel,62.71363636,0.220489193,0.276325591
derby,118.734375,0.428115773,0.171755029
groovy,75.64516129,0.408098482,0.188989299
hbase,152.5,0.312196825,0.217856909
hive,104.6880734,0.230622801,0.257166995
jruby,241.1428571,0.316050835,0.268035684
lucene,46.94805195,0.353095165,0.187516307
wicket,58.64864865,0.43494456,0.19258413
